Title,Salary,Available In Stock,Category
It's Only the Himalayas,£45.17,19,travel
Full Moon over Noah’s Ark: An Odyssey to Mount Ararat and Beyond,£49.43,15,travel
See America: A Celebration of Our National Parks & Treasured Sites,£48.87,14,travel
Vagabonding: An Uncommon Guide to the Art of Long-Term World Travel,£36.94,8,travel
Under the Tuscan Sun,£37.33,7,travel
A Summer In Europe,£44.34,7,travel
The Great Railway Bazaar,£30.54,6,travel
A Year in Provence (Provence #1),£56.88,6,travel
The Road to Little Dribbling: Adventures of an American in Britain (Notes From a Small Island #2),£23.21,3,travel
Neither Here nor There: Travels in Europe,£38.95,3,travel
"1,000 Places to See Before You Die",£26.08,1,travel
Sharp Objects,£47.82,20,mystery
"In a Dark, Dark Wood",£19.63,18,mystery
The Past Never Ends,£56.50,16,mystery
A Murder in Time,£16.64,16,mystery
The Murder of Roger Ackroyd (Hercule Poirot #4),£44.10,15,mystery
The Last Mile (Amos Decker #2),£54.21,14,mystery
That Darkness (Gardiner and Renner #1),£13.92,14,mystery
Tastes Like Fear (DI Marnie Rome #3),£10.69,14,mystery
A Time of Torment (Charlie Parker #14),£48.35,14,mystery
A Study in Scarlet (Sherlock Holmes #1),£16.73,14,mystery
Poisonous (Max Revere Novels #3),£26.80,12,mystery
Murder at the 42nd Street Library (Raymond Ambler #1),£54.36,12,mystery
Most Wanted,£35.28,12,mystery
Hide Away (Eve Duncan #20),£11.84,12,mystery
Boar Island (Anna Pigeon #19),£59.48,12,mystery
The Widow,£27.26,11,mystery
Playing with Fire,£13.71,11,mystery
What Happened on Beale Street (Secrets of the South Mysteries #2),£25.37,7,mystery
The Bachelor Girl's Guide to Murder (Herringford and Watts Mysteries #1),£52.30,7,mystery
Delivering the Truth (Quaker Midwife Mystery #1),£20.89,7,mystery
The Mysterious Affair at Styles (Hercule Poirot #1),£24.80,6,mystery
In the Woods (Dublin Murder Squad #1),£38.38,6,mystery
The Silkworm (Cormoran Strike #2),£23.05,3,mystery
The Exiled,£43.45,3,mystery
The Cuckoo's Calling (Cormoran Strike #1),£19.21,3,mystery
Extreme Prey (Lucas Davenport #26),£25.40,3,mystery
Career of Evil (Cormoran Strike #3),£24.72,3,mystery
The No. 1 Ladies' Detective Agency (No. 1 Ladies' Detective Agency #1),£57.70,1,mystery
The Girl You Lost,£12.29,1,mystery
The Girl In The Ice (DCI Erika Foster #1),£15.85,1,mystery
Blood Defense (Samantha Brinkman #1),£20.30,1,mystery
1st to Die (Women's Murder Club #1),£53.98,1,mystery
The Secret Garden,£15.08,5,classics
The Metamorphosis,£28.58,5,classics
The Pilgrim's Progress,£50.26,4,classics
The Hound of the Baskervilles (Sherlock Holmes #5),£14.82,4,classics
Little Women (Little Women #1),£28.07,4,classics
Gone with the Wind,£32.49,4,classics
Candide,£58.63,4,classics
Animal Farm,£57.22,4,classics
Wuthering Heights,£17.73,3,classics
The Picture of Dorian Gray,£29.70,3,classics
The Complete Stories and Poems (The Works of Edgar Allan Poe [Cameo Edition]),£26.78,3,classics
Beowulf,£38.35,3,classics
And Then There Were None,£35.01,3,classics
The Story of Hong Gildong,£43.19,1,classics
The Little Prince,£45.42,1,classics
Sense and Sensibility,£37.46,1,classics
Of Mice and Men,£47.11,1,classics
Emma,£32.93,1,classics
Alice in Wonderland (Alice's Adventures in Wonderland #1),£55.53,1,classics
Sophie's World,£15.94,18,philosophy
The Death of Humanity: and the Case for Life,£58.11,16,philosophy
The Stranger,£17.44,15,philosophy
Proofs of God: Classical Arguments from Tertullian to Barth,£54.21,8,philosophy
Kierkegaard: A Christian Missionary to Christians,£47.13,8,philosophy
"At The Existentialist Café: Freedom, Being, and apricot cocktails with: Jean-Paul Sartre, Simone de Beauvoir, Albert Camus, Martin Heidegger, Edmund Husserl, Karl Jaspers, Maurice Merleau-Ponty and others",£29.93,7,philosophy
Critique of Pure Reason,£20.75,5,philosophy
"Run, Spot, Run: The Ethics of Keeping Pets",£20.02,2,philosophy
The Nicomachean Ethics,£36.34,1,philosophy
Meditations,£25.89,1,philosophy
Beyond Good and Evil,£43.38,1,philosophy
Chase Me (Paris Nights #2),£25.27,19,romance
Black Dust,£34.53,19,romance
Her Backup Boyfriend (The Sorensen Family #1),£33.97,16,romance
First and First (Five Boroughs #3),£15.97,16,romance
Fifty Shades Darker (Fifty Shades #2),£21.96,16,romance
The Wedding Dress,£24.12,15,romance
Suddenly in Love (Lake Haven #1),£55.99,15,romance
Something More Than This,£16.24,15,romance
Doing It Over (Most Likely To #1),£35.61,15,romance
The Wedding Pact (The O'Malleys #2),£32.61,14,romance
Hold Your Breath (Search and Rescue #1),£28.82,14,romance
Dirty (Dive Bar #1),£40.83,12,romance
Take Me Home Tonight (Rock Star Romance #3),£53.98,11,romance
Off the Hook (Fishing for Trouble #1),£47.67,11,romance
A Gentleman's Position (Society of Gentlemen #3),£14.75,11,romance
"Sit, Stay, Love",£20.90,7,romance
A Girl's Guide to Moving On (New Beginnings #2),£31.30,5,romance
The Perfect Play (Play by Play #1),£59.99,4,romance
Dark Lover (Black Dagger Brotherhood #1),£12.87,4,romance
Changing the Game (Play by Play #2),£13.38,4,romance
A Walk to Remember,£56.43,4,romance
The Purest Hook (Second Circle Tattoos #3),£12.25,3,romance
The Obsession,£45.43,3,romance
Reservations for Two,£11.10,3,romance
Best of My Love (Fool's Gold #20),£27.41,3,romance
Where Lightning Strikes (Bleeding Stars #3),£39.77,1,romance
This One Moment (Pushing Limits #1),£48.71,1,romance
"Rhythm, Chord & Malykhin",£28.34,1,romance
My Perfect Mistake (Over the Top #1),£38.92,1,romance
Listen to Me (Fusion #1),£58.99,1,romance
Imperfect Harmony,£34.74,1,romance
Fighting Fate (Fighting #6),£39.24,1,romance
Deep Under (Walker Security #1),£47.09,1,romance
Charity's Cross (Charles Towne Belles #4),£41.24,1,romance
Bounty (Colorado Mountain #7),£37.26,1,romance
Soumission,£50.10,20,fiction
Private Paris (Private #10),£47.61,17,fiction
"We Love You, Charlie Freeman",£50.27,16,fiction
Thirst,£17.27,16,fiction
The Murder That Never Was (Forensic Instincts #5),£54.11,16,fiction
Tuesday Nights in 1980,£21.04,15,fiction
The Vacationers,£42.15,15,fiction
The Regional Office Is Under Attack!,£51.36,15,fiction
Finders Keepers (Bill Hodges Trilogy #2),£53.53,15,fiction
The Time Keeper,£27.88,14,fiction
The Testament of Mary,£52.67,14,fiction
The First Hostage (J.B. Collins #2),£25.85,14,fiction
Take Me with You,£45.21,14,fiction
Still Life with Bread Crumbs,£26.41,14,fiction
Shtum,£55.84,14,fiction
My Name Is Lucy Barton,£41.56,14,fiction
My Mrs. Brown,£24.48,14,fiction
Mr. Mercedes (Bill Hodges Trilogy #1),£28.90,14,fiction
I Am Pilgrim (Pilgrim #1),£10.60,14,fiction
Eligible (The Austen Project #4),£27.09,14,fiction
Eight Hundred Grapes,£14.39,14,fiction
Dear Mr. Knightley,£11.21,14,fiction
Cometh the Hour (The Clifton Chronicles #6),£25.01,14,fiction
Balloon Animals,£17.03,14,fiction
A Man Called Ove,£39.72,14,fiction
The Silent Sister (Riley MacPherson #1),£46.29,12,fiction
The Dinner Party,£56.54,12,fiction
The Improbability of Love,£59.45,11,fiction
Mothering Sunday,£13.34,11,fiction
Lies and Other Acts of Love,£45.14,11,fiction
Daredevils,£16.34,11,fiction
11/22/63,£48.48,11,fiction
The Shack,£28.03,9,fiction
The High Mountains of Portugal,£51.15,8,fiction
Miller's Valley,£58.54,8,fiction
Hystopia: A Novel,£21.96,8,fiction
The Bourne Identity (Jason Bourne #1),£42.78,7,fiction
Sister Dear,£40.20,7,fiction
Memoirs of a Geisha,£49.67,7,fiction
Me Before You (Me Before You #1),£19.02,6,fiction
Deception Point,£40.32,6,fiction
The Little Paris Bookshop,£24.73,5,fiction
The Firm,£45.56,5,fiction
The Expatriates,£44.58,5,fiction
Siddhartha,£34.22,5,fiction
Last One Home (New Beginnings #1),£59.98,5,fiction
Digital Fortress,£58.00,5,fiction
Atlas Shrugged,£26.58,4,fiction
Three-Martini Lunch,£23.21,3,fiction
The Nightingale,£26.26,3,fiction
The Infinities,£27.41,3,fiction
The Husband's Secret,£52.51,3,fiction
The Da Vinci Code (Robert Langdon #2),£22.96,3,fiction
The Art of Fielding,£22.10,3,fiction
Lila (Gilead #3),£12.47,3,fiction
Jurassic Park (Jurassic Park #1),£44.97,3,fiction
Inferno (Robert Langdon #4),£41.00,3,fiction
Crazy Rich Asians (Crazy Rich Asians #1),£49.13,3,fiction
Big Little Lies,£22.11,3,fiction
The Course of Love,£16.78,2,fiction
When I'm Gone,£51.96,1,fiction
The Silent Wife,£12.34,1,fiction
The Bette Davis Club,£30.66,1,fiction
Kitchens of the Great Midwest,£57.20,1,fiction
Bright Lines,£39.07,1,fiction
Birdsong: A Story in Pictures,£54.64,19,childrens
The Bear and the Piano,£36.89,18,childrens
The Secret of Dreadwillow Carse,£56.13,16,childrens
The White Cat and the Monk: A Retelling of the Poem “Pangur Bán”,£58.08,15,childrens
Little Red,£13.47,15,childrens
Walt Disney's Alice in Wonderland,£12.96,14,childrens
Twenty Yawns,£22.08,14,childrens
Rain Fish,£23.57,14,childrens
Once Was a Time,£18.28,14,childrens
Luis Paints the World,£53.95,14,childrens
Nap-a-Roo,£25.08,9,childrens
The Whale,£35.96,7,childrens
"Shrunken Treasures: Literary Classics, Short, Sweet, and Silly",£52.87,7,childrens
Raymie Nightingale,£34.41,7,childrens
Playing from the Heart,£32.38,7,childrens
Maybe Something Beautiful: How Art Transformed a Neighborhood,£22.54,5,childrens
The Wild Robot,£56.07,3,childrens
The Thing About Jellyfish,£48.77,3,childrens
The Lonely Ones,£43.59,3,childrens
The Day the Crayons Came Home (Crayons),£26.33,3,childrens
The Cat in the Hat (Beginner Books B-1),£16.26,3,childrens
Red: The True Story of Red Riding Hood,£28.54,3,childrens
Horrible Bear!,£37.52,3,childrens
Green Eggs and Ham (Beginner Books B-16),£10.79,3,childrens
Counting Thyme,£10.62,3,childrens
Are We There Yet?,£10.66,3,childrens
Diary of a Minecraft Zombie Book 1: A Scare of a Dare (An Unofficial Minecraft Book),£52.88,2,childrens
Matilda,£28.34,1,childrens
Charlie and the Chocolate Factory (Charlie Bucket #1),£22.85,1,childrens
"Don't Be a Jerk: And Other Practical Advice from Dogen, Japan's Greatest Zen Master",£37.97,16,religion
You Are What You Love: The Spiritual Power of Habit,£21.87,15,religion
God: The Most Unpleasant Character in All Fiction,£30.03,14,religion
The Book of Mormon,£24.57,9,religion
"A History of God: The 4,000-Year Quest of Judaism, Christianity, and Islam",£27.62,4,religion
The Bhagavad Gita,£57.49,1,religion
Choosing Our Religion: The Spiritual Lives of America's Nones,£28.42,1,religion
Worlds Elsewhere: Journeys Around Shakespeare’s Globe,£40.30,18,nonfiction
The Five Love Languages: How to Express Heartfelt Commitment to Your Mate,£31.05,18,nonfiction
Reasons to Stay Alive,£26.41,17,nonfiction
#HigherSelfie: Wake Up Your Life. Free Your Soul. Find Your Tribe.,£23.11,17,nonfiction
"Unseen City: The Majesty of Pigeons, the Discreet Charm of Snails & Other Wonders of the Urban Wilderness",£44.18,16,nonfiction
Throwing Rocks at the Google Bus: How Growth Became the Enemy of Prosperity,£31.12,16,nonfiction
The Life-Changing Magic of Tidying Up: The Japanese Art of Decluttering and Organizing,£16.77,16,nonfiction
The Gutsy Girl: Escapades for Your Life of Epic Adventure,£37.13,16,nonfiction
The Electric Pencil: Drawings from Inside State Hospital No. 3,£56.06,16,nonfiction
Spark Joy: An Illustrated Master Class on the Art of Organizing and Tidying Up,£41.83,16,nonfiction
Reskilling America: Learning to Labor in the Twenty-First Century,£19.83,16,nonfiction
In the Country We Love: My Family Divided,£22.00,16,nonfiction
Everydata: The Misinformation Hidden in the Little Data You Consume Every Day,£54.35,16,nonfiction
Call the Nurse: True Stories of a Country Nurse on a Scottish Isle,£29.14,16,nonfiction
Algorithms to Live By: The Computer Science of Human Decisions,£30.81,16,nonfiction
The Power of Now: A Guide to Spiritual Enlightenment,£43.54,15,nonfiction
The Omnivore's Dilemma: A Natural History of Four Meals,£38.21,15,nonfiction
The Genius of Birds,£17.24,15,nonfiction
The Artist's Way: A Spiritual Path to Higher Creativity,£38.49,15,nonfiction
So You've Been Publicly Shamed,£12.23,15,nonfiction
"Daring Greatly: How the Courage to Be Vulnerable Transforms the Way We Live, Love, Parent, and Lead",£19.43,15,nonfiction
Big Magic: Creative Living Beyond Fear,£30.80,15,nonfiction
Becoming Wise: An Inquiry into the Mystery and Art of Living,£27.43,15,nonfiction
Agnostic: A Spirited Manifesto,£12.51,15,nonfiction
Whole Lotta Creativity Going On: 60 Fun and Unusual Exercises to Awaken and Strengthen Your Creativity,£38.20,14,nonfiction
What's It Like in Space?: Stories from Astronauts Who've Been There,£19.60,14,nonfiction
The Year of Magical Thinking,£43.04,14,nonfiction
The Literature Book (Big Ideas Simply Explained),£17.43,14,nonfiction
The Bad-Ass Librarians of Timbuktu: And Their Race to Save the World’s Most Precious Manuscripts,£15.77,14,nonfiction
Swell: A Year of Waves,£45.58,14,nonfiction
No Dream Is Too High: Life Lessons From a Man Who Walked on the Moon,£21.95,14,nonfiction
Looking for Lovely: Collecting the Moments that Matter,£29.14,14,nonfiction
Let It Out: A Journey Through Journaling,£26.79,14,nonfiction
Hamilton: The Revolution,£58.79,14,nonfiction
"Far & Away: Places on the Brink of Change: Seven Continents, Twenty-Five Years",£15.06,14,nonfiction
"Eaternity: More than 150 Deliciously Easy Vegan Recipes for a Long, Healthy, Satisfied, Joyful Life",£51.75,14,nonfiction
Buying In: The Secret Dialogue Between What We Buy and Who We Are,£37.80,14,nonfiction
Brain on Fire: My Month of Madness,£49.32,14,nonfiction
Abstract City,£56.37,14,nonfiction
13 Hours: The Inside Account of What Really Happened In Benghazi,£27.06,13,nonfiction
The Lonely City: Adventures in the Art of Being Alone,£33.26,12,nonfiction
The Diary of a Young Girl,£59.90,12,nonfiction
Snatched: How A Drug Queen Went Undercover for the DEA and Was Kidnapped By Colombian Guerillas,£21.21,12,nonfiction
Furiously Happy: A Funny Book About Horrible Things,£41.46,12,nonfiction
"The Sleep Revolution: Transforming Your Life, One Night at a Time",£11.68,11,nonfiction
"Mother, Can You Not?",£16.89,11,nonfiction
A Mother's Reckoning: Living in the Aftermath of Tragedy,£19.53,11,nonfiction
"10% Happier: How I Tamed the Voice in My Head, Reduced Stress Without Losing My Edge, and Found Self-Help That Actually Works",£24.57,10,nonfiction
Chernobyl 01:23:40: The Incredible True Story of the World's Worst Nuclear Disaster,£35.92,9,nonfiction
"Zero to One: Notes on Startups, or How to Build the Future",£34.06,8,nonfiction
Why Not Me?,£17.76,8,nonfiction
When Breath Becomes Air,£39.36,8,nonfiction
"The Midnight Assassin: Panic, Scandal, and the Hunt for America's First Serial Killer",£28.45,8,nonfiction
Smarter Faster Better: The Secrets of Being Productive in Life and Business,£38.89,8,nonfiction
Rising Strong,£21.82,8,nonfiction
Man's Search for Meaning,£29.48,8,nonfiction
"Love That Boy: What Two Presidents, Eight Road Trips, and My Son Taught Me About a Parent's Expectations",£25.06,8,nonfiction
Living Forward: A Proven Plan to Stop Drifting and Get the Life You Want,£12.55,8,nonfiction
I Will Find You,£44.21,8,nonfiction
Brazen: The Courage to Find the You That's Been Hiding,£19.22,8,nonfiction
Between the World and Me,£56.91,8,nonfiction
Being Mortal: Medicine and What Matters in the End,£55.06,8,nonfiction
"A Murder Over a Girl: Justice, Gender, Junior High",£13.20,8,nonfiction
For the Love: Fighting for Grace in a World of Impossible Standards,£45.13,7,nonfiction
Finding God in the Ruins: How God Redeems Pain,£46.64,7,nonfiction
The Man Who Mistook His Wife for a Hat and Other Clinical Tales,£59.45,6,nonfiction
In Cold Blood,£49.98,6,nonfiction
"Girl, Interrupted",£42.14,6,nonfiction
Why Save the Bankers?: And Other Essays on Our Economic and Political Crisis,£48.67,5,nonfiction
Talking to Girls About Duran Duran: One Young Man's Quest for True Love and a Cooler Haircut,£25.15,5,nonfiction
My Mother Was Nuts,£31.63,5,nonfiction
"Data, A Love Story: How I Gamed Online Dating to Meet My Match",£32.35,5,nonfiction
The Jazz of Physics: The Secret Link Between Music and the Structure of the Universe,£38.71,4,nonfiction
The Gunning of America: Business and the Making of American Gun Culture,£16.81,4,nonfiction
The Geography of Bliss: One Grump's Search for the Happiest Places in the World,£28.23,4,nonfiction
God Is Not Great: How Religion Poisons Everything,£27.80,4,nonfiction
We the People: The Modern-Day Figures Who Have Reshaped and Affirmed the Founding Fathers' Vision of America,£31.95,3,nonfiction
Very Good Lives: The Fringe Benefits of Failure and the Importance of Imagination,£50.66,3,nonfiction
"Unstuffed: Decluttering Your Home, Mind, and Soul",£58.09,3,nonfiction
Under the Banner of Heaven: A Story of Violent Faith,£30.00,3,nonfiction
"Trespassing Across America: One Man's Epic, Never-Done-Before (and Sort of Illegal) Hike Across the Heartland",£53.51,3,nonfiction
The Name of God is Mercy,£37.25,3,nonfiction
Stiff: The Curious Lives of Human Cadavers,£36.74,3,nonfiction
Spilled Milk: Based on a True Story,£49.51,3,nonfiction
"Rise of the Rocket Girls: The Women Who Propelled Us, from Missiles to the Moon to Mars",£41.67,3,nonfiction
Outliers: The Story of Success,£14.16,3,nonfiction
Notes from a Small Island (Notes From a Small Island #1),£40.17,3,nonfiction
Night (The Night Trilogy #1),£13.51,3,nonfiction
"Miracles from Heaven: A Little Girl, Her Journey to Heaven, and Her Amazing Story of Healing",£57.83,3,nonfiction
Letter to a Christian Nation,£22.20,3,nonfiction
Let's Pretend This Never Happened: A Mostly True Memoir,£45.11,3,nonfiction
It's Never Too Late to Begin Again: Discovering Creativity and Meaning at Midlife and Beyond,£42.38,3,nonfiction
Into the Wild,£56.70,3,nonfiction
"In the Garden of Beasts: Love, Terror, and an American Family in Hitler's Berlin",£28.85,3,nonfiction
I Am Malala: The Girl Who Stood Up for Education and Was Shot by the Taliban,£28.88,3,nonfiction
Gratitude,£26.66,3,nonfiction
Disrupted: My Misadventure in the Start-Up Bubble,£15.28,3,nonfiction
Brave Enough,£51.32,3,nonfiction
"Born to Run: A Hidden Tribe, Superathletes, and the Greatest Race the World Has Never Seen",£27.35,3,nonfiction
Blink: The Power of Thinking Without Thinking,£21.74,3,nonfiction
Black Flags: The Rise of ISIS,£40.87,3,nonfiction
Are We Smart Enough to Know How Smart Animals Are?,£56.58,3,nonfiction
A Walk in the Woods: Rediscovering America on the Appalachian Trail,£30.48,3,nonfiction
"The Suffragettes (Little Black Classics, #96)",£11.89,2,nonfiction
Kindle Paperwhite User's Guide,£34.00,2,nonfiction
H is for Hawk,£57.42,2,nonfiction
Travels with Charley: In Search of America,£57.82,1,nonfiction
The Tumor,£41.56,1,nonfiction
The End of the Jesus Era (An Investigation #1),£14.40,1,nonfiction
"Eat, Pray, Love",£51.32,1,nonfiction
Rip it Up and Start Again,£35.02,19,music
"Our Band Could Be Your Life: Scenes from the American Indie Underground, 1981-1991",£57.25,19,music
How Music Works,£37.32,19,music
Love Is a Mix Tape (Music #1),£18.03,14,music
Please Kill Me: The Uncensored Oral History of Punk,£31.19,8,music
Kill 'Em and Leave: Searching for James Brown and the American Soul,£45.05,8,music
"Chronicles, Vol. 1",£52.60,7,music
This Is Your Brain on Music: The Science of a Human Obsession,£38.40,5,music
"Orchestra of Exiles: The Story of Bronislaw Huberman, the Israel Philharmonic, and the One Thousand Jews He Saved from Nazi Horrors",£12.36,4,music
No One Here Gets Out Alive,£20.02,4,music
Life,£31.58,2,music
Old Records Never Die: One Man's Quest for His Vinyl and His Past,£55.66,1,music
Forever Rockers (The Rocker #12),£28.80,1,music
"The Coming Woman: A Novel Based on the Life of the Infamous Feminist, Victoria Woodhull",£17.93,19,default
The Boys in the Boat: Nine Americans and Their Epic Quest for Gold at the 1936 Berlin Olympics,£22.60,19,default
"Starving Hearts (Triangular Trade Trilogy, #1)",£13.99,19,default
America's Cradle of Quarterbacks: Western Pennsylvania's Football Factory from Johnny Unitas to Joe Montana,£22.50,19,default
Aladdin and His Wonderful Lamp,£53.13,19,default
Penny Maybe,£33.29,18,default
Maude (1883-1993):She Grew Up with the country,£18.02,18,default
"The Inefficiency Assassin: Time Management Tactics for Working Smarter, Not Longer",£20.59,16,default
Soul Reader,£39.58,16,default
Bossypants,£49.46,16,default
A World of Flavor: Your Gluten Free Passport,£42.95,16,default
"A Piece of Sky, a Grain of Rice: A Memoir in Four Meditations",£56.76,16,default
Tracing Numbers on a Train,£41.60,15,default
Thirteen Reasons Why,£52.72,15,default
The Secret (The Secret #1),£27.37,15,default
The Psychopath Test: A Journey Through the Madness Industry,£36.00,15,default
The Kite Runner,£41.82,15,default
The Girl on the Train,£55.02,15,default
The Emerald Mystery,£23.15,15,default
The Bridge to Consciousness: I'm Writing the Bridge Between Science and Our Old and New Beliefs.,£32.00,15,default
The Art of War,£33.34,15,default
Secrets and Lace (Fatal Hearts #1),£20.27,15,default
Romero and Juliet: A Tragic Tale of Love and Zombies,£36.94,15,default
Poses for Artists Volume 1 - Dynamic and Sitting Poses: An Essential Reference for Figure Drawing and the Human Form,£41.06,15,default
Miss Peregrine’s Home for Peculiar Children (Miss Peregrine’s Peculiar Children #1),£10.76,15,default
Large Print Heart of the Pride,£19.15,15,default
Grumbles,£22.16,15,default
First Steps for New Christians (Print Edition),£29.00,15,default
Eureka Trivia 6.0,£54.59,15,default
Drive: The Surprising Truth About What Motivates Us,£34.95,15,default
Done Rubbed Out (Reightman & Bailey #1),£37.72,15,default
Beauty Restored (Riley Family Legacy Novellas #3),£11.11,15,default
Ayumi's Violin,£15.48,15,default
Anonymous,£46.82,15,default
Amy Meets the Saints and Sages,£18.46,15,default
Amatus,£50.54,15,default
V for Vendetta (V for Vendetta Complete),£37.10,14,default
"Unbroken: A World War II Story of Survival, Resilience, and Redemption",£45.95,14,default
The Wright Brothers,£56.80,14,default
The Songs of the Gods,£44.48,14,default
The Rosie Project (Don Tillman #1),£54.04,14,default
The Power of Habit: Why We Do What We Do in Life and Business,£16.88,14,default
Steve Jobs,£39.50,14,default
Luckiest Girl Alive,£49.83,14,default
"Living Leadership by Insight: A Good Leader Achieves, a Great Leader Builds Monuments",£46.91,14,default
Lady Midnight (The Dark Artifices #1),£16.28,14,default
"Hush, Hush (Hush, Hush #1)",£47.02,14,default
Greek Mythic History,£10.23,14,default
Every Last Word,£46.47,14,default
Daily Fantasy Sports,£36.58,14,default
Clockwork Angel (The Infernal Devices #1),£44.14,14,default
City of Fallen Angels (The Mortal Instruments #4),£11.23,14,default
City of Bones (The Mortal Instruments #1),£43.28,14,default
City of Ashes (The Mortal Instruments #2),£47.27,14,default
"Carry On, Warrior: Thoughts on Life Unarmed",£31.85,14,default
Carrie,£46.23,14,default
Angels & Demons (Robert Langdon #1),£51.48,14,default
"The Three Searches, Meaning, and the Story",£13.33,13,default
Raspberry Pi Electronics Projects for the Evil Genius,£49.67,12,default
How to Speak Golf: An Illustrated Guide to Links Lingo,£58.32,12,default
Eleanor & Park,£56.51,12,default
Troublemaker: Surviving Hollywood and Scientology,£48.39,11,default
Adultery,£20.88,11,default
Unlimited Intuition Now,£58.87,9,default
Underlying Notes,£11.82,9,default
The New Brand You: Your New Image Makes the Sale for You,£44.05,9,default
The Flowers Lied,£16.68,9,default
"NaNo What Now? Finding your editing process, revising your NaNoWriMo book and building a writing career through publishing and beyond",£10.41,9,default
Modern Day Fables,£47.44,9,default
The Unlikely Pilgrimage of Harold Fry (Harold Fry #1),£43.62,8,default
The Martian (The Martian #1),£41.39,8,default
Left Behind (Left Behind #1),£40.72,8,default
John Vassos: Industrial Design for Modern Life,£20.22,8,default
I'll Give You the Sun,£56.48,8,default
Heaven is for Real: A Little Boy's Astounding Story of His Trip to Heaven and Back,£52.86,8,default
Ender's Game (The Ender Quintet #1),£43.64,8,default
Death by Leisure: A Cautionary Tale,£37.51,8,default
Wildlife of New York: A Five-Borough Coloring Book,£22.14,7,default
The Year of Living Biblically: One Man's Humble Quest to Follow the Bible as Literally as Possible,£34.72,7,default
The Great Gatsby,£36.05,7,default
The Good Girl,£49.03,7,default
The 7 Habits of Highly Effective People: Powerful Lessons in Personal Change,£33.17,7,default
Steal Like an Artist: 10 Things Nobody Told You About Being Creative,£20.90,7,default
Life of Pi,£13.22,7,default
The Sound Of Love,£57.84,6,default
The Perks of Being a Wallflower,£55.02,6,default
The Makings of a Fatherless Child,£31.58,6,default
The Hobbit (Middle-Earth Universe),£17.80,6,default
The Fellowship of the Ring (The Lord of the Rings #1),£10.27,6,default
Ship Leaves Harbor: Essays on Travel by a Recovering Journeyman,£30.60,6,default
Musicophilia: Tales of Music and the Brain,£46.58,6,default
What If?: Serious Scientific Answers to Absurd Hypothetical Questions,£53.68,5,default
The Fault in Our Stars,£47.22,5,default
The Dream Thieves (The Raven Cycle #2),£34.50,5,default
The 5th Wave (The 5th Wave #1),£11.83,5,default
Shiver (The Wolves of Mercy Falls #1),£16.23,5,default
Remember Me?,£11.48,5,default
If I Stay (If I Stay #1),£38.13,5,default
I Know Why the Caged Bird Sings (Maya Angelou's Autobiography #1),£36.55,5,default
Harry Potter and the Deathly Hallows (Harry Potter #7),£23.32,5,default
Fool Me Once,£16.96,5,default
Drama,£38.70,5,default
"Blue Lily, Lily Blue (The Raven Cycle #3)",£34.13,5,default
Alight (The Generations Trilogy #2),£58.59,5,default
Vogue Colors A to Z: A Fashion Coloring Book,£52.35,4,default
The Shining (The Shining #1),£27.88,4,default
The Hunger Games (The Hunger Games #1),£29.85,4,default
Outlander (Outlander #1),£19.67,4,default
Mockingjay (The Hunger Games #3),£20.44,4,default
Harry Potter and the Sorcerer's Stone (Harry Potter #1),£13.90,4,default
Confessions of a Shopaholic (Shopaholic #1),£48.94,4,default
Zero History (Blue Ant #3),£34.77,3,default
World War Z: An Oral History of the Zombie War,£21.80,3,default
Wild: From Lost to Found on the Pacific Crest Trail,£46.02,3,default
"Where'd You Go, Bernadette",£18.13,3,default
Twilight (Twilight #1),£41.93,3,default
The Paris Wife,£36.80,3,default
The Maze Runner (The Maze Runner #1),£20.93,3,default
The Lover's Dictionary,£58.09,3,default
The Goldfinch,£43.58,3,default
The Giver (The Giver Quartet #1),£12.30,3,default
The Girl Who Played with Fire (Millennium Trilogy #2),£22.14,3,default
The Demon-Haunted World: Science as a Candle in the Dark,£52.25,3,default
The Book Thief,£53.49,3,default
The Autobiography of Malcolm X,£23.43,3,default
Shopaholic & Baby (Shopaholic #5),£46.45,3,default
Quiet: The Power of Introverts in a World That Can't Stop Talking,£43.55,3,default
Packing for Mars: The Curious Science of Life in the Void,£56.68,3,default
Orange Is the New Black,£24.61,3,default
One for the Money (Stephanie Plum #1),£32.87,3,default
Morning Star (Red Rising #3),£29.40,3,default
Life After Life,£26.13,3,default
"Lean In: Women, Work, and the Will to Lead",£25.02,3,default
Is Everyone Hanging Out Without Me? (And Other Concerns),£20.11,3,default
Gone Girl,£37.60,3,default
Fellside,£38.62,3,default
Eclipse (Twilight #3),£18.74,3,default
Dracula,£52.62,3,default
Dead Wake: The Last Crossing of the Lusitania,£39.24,3,default
"David and Goliath: Underdogs, Misfits, and the Art of Battling Giants",£17.81,3,default
Dark Places,£23.90,3,default
Breaking Dawn (Twilight #4),£35.28,3,default
Beautiful Creatures (Caster Chronicles #1),£21.55,3,default
A Visit from the Goon Squad,£14.08,3,default
The Zombie Room,£19.69,1,default
The Name of the Wind (The Kingkiller Chronicle #1),£50.59,1,default
Taking Shots (Assassins #1),£18.88,1,default
Shatter Me (Shatter Me #1),£42.40,1,default
Paradise Lost (Paradise #1),£24.96,1,default
On the Road (Duluoz Legend),£32.36,1,default
Jane Eyre,£38.43,1,default
Frankenstein,£38.00,1,default
Unicorn Tracks,£18.78,16,fantasy
"Saga, Volume 6 (Saga (Collected Editions) #6)",£25.02,16,fantasy
Princess Between Worlds (Wide-Awake Princess #5),£13.34,16,fantasy
Masks and Shadows,£56.40,16,fantasy
Crown of Midnight (Throne of Glass #2),£43.29,16,fantasy
"Avatar: The Last Airbender: Smoke and Shadow, Part 3 (Smoke and Shadow #3)",£28.09,16,fantasy
A Court of Thorns and Roses (A Court of Thorns and Roses #1),£52.37,16,fantasy
Throne of Glass (Throne of Glass #1),£35.07,15,fantasy
The Glittering Court (The Glittering Court #1),£44.28,15,fantasy
Hollow City (Miss Peregrine’s Peculiar Children #2),£42.98,15,fantasy
The Star-Touched Queen,£46.02,14,fantasy
The Hidden Oracle (The Trials of Apollo #1),£52.26,14,fantasy
The Bane Chronicles (The Bane Chronicles #1-11),£44.73,14,fantasy
Island of Dragons (Unwanteds #7),£29.65,14,fantasy
Demigods & Magicians: Percy and Annabeth Meet the Kanes (Percy Jackson & Kane Chronicles Crossover #1-3),£37.51,14,fantasy
City of Glass (The Mortal Instruments #3),£56.02,14,fantasy
Searching for Meaning in Gailana,£38.73,13,fantasy
The Star-Touched Queen,£32.30,12,fantasy
A Shard of Ice (The Black Symphony Saga #1),£56.63,9,fantasy
King's Folly (The Kinsman Chronicles #1),£39.61,7,fantasy
Every Heart a Doorway (Every Heart A Doorway #1),£12.16,7,fantasy
A Gathering of Shadows (Shades of Magic #2),£44.81,7,fantasy
The Raven Boys (The Raven Cycle #1),£57.74,5,fantasy
The False Prince (The Ascendance Trilogy #1),£56.00,5,fantasy
Tell the Wind and Fire,£45.51,5,fantasy
A Feast for Crows (A Song of Ice and Fire #4),£17.21,5,fantasy
The Demonists (Demonist #1),£52.11,4,fantasy
The Beast (Black Dagger Brotherhood #14),£46.08,4,fantasy
Paper and Fire (The Great Library #2),£49.45,4,fantasy
Harry Potter and the Order of the Phoenix (Harry Potter #5),£31.63,4,fantasy
Harry Potter and the Half-Blood Prince (Harry Potter #6),£48.75,4,fantasy
Harry Potter and the Chamber of Secrets (Harry Potter #2),£14.74,4,fantasy
The Rose & the Dagger (The Wrath and the Dawn #2),£58.64,3,fantasy
Soldier (Talon #3),£24.72,3,fantasy
Midnight Riot (Peter Grant/ Rivers of London - books #1),£55.46,3,fantasy
Heir to the Sky,£44.07,3,fantasy
Eragon (The Inheritance Cycle #1),£43.87,3,fantasy
Darkfever (Fever #1),£56.02,3,fantasy
Ash,£22.06,3,fantasy
A Storm of Swords (A Song of Ice and Fire #3),£31.22,3,fantasy
Vampire Girl (Vampire Girl #1),£53.82,1,fantasy
The Silent Twin (Detective Jennifer Knight #3),£36.25,1,fantasy
The Mirror & the Maze (The Wrath and the Dawn #1.5),£29.38,1,fantasy
Sister Sable (The Mad Queen #1),£13.33,1,fantasy
Shadow Rites (Jane Yellowrock #10),£21.72,1,fantasy
Origins (Alphas 0.5),£28.99,1,fantasy
One Second (Seven #7),£52.94,1,fantasy
Myriad (Prentor #1),£58.75,1,fantasy
The Most Perfect Thing: Inside (and Outside) a Bird's Egg,£42.96,16,science
Immunity: How Elie Metchnikoff Changed the Course of Modern Medicine,£57.36,16,science
Sorting the Beef from the Bull: The Science of Food Fraud Forensics,£44.74,14,science
Tipping Point for Planet Earth: How Close Are We to the Edge?,£37.55,12,science
"The Fabric of the Cosmos: Space, Time, and the Texture of Reality",£55.91,9,science
Diary of a Citizen Scientist: Chasing Tiger Beetles and Other New Ways of Engaging the World,£28.41,8,science
The Origin of Species,£10.01,7,science
The Grand Design,£13.76,5,science
Peak: Secrets from the New Science of Expertise,£16.28,5,science
"The Elegant Universe: Superstrings, Hidden Dimensions, and the Quest for the Ultimate Theory",£13.03,3,science
"The Disappearing Spoon: And Other True Tales of Madness, Love, and the History of the World from the Periodic Table of the Elements",£57.35,3,science
"Surely You're Joking, Mr. Feynman!: Adventures of a Curious Character",£25.83,3,science
Seven Brief Lessons on Physics,£30.60,3,science
The Selfish Gene,£29.45,1,science
A Light in the Attic,£51.77,22,poetry
The Black Maria,£52.15,19,poetry
Shakespeare's Sonnets,£20.66,19,poetry
Olio,£23.88,19,poetry
You can't bury them all: Poems,£33.63,17,poetry
Slow States of Collapse: Poems,£57.31,17,poetry
Untitled Collection: Sabbath Poems 2014,£14.27,16,poetry
Poems That Make Grown Women Cry,£14.19,15,poetry
Night Sky with Exit Wounds,£41.05,15,poetry
salt.,£46.78,14,poetry
"Quarter Life Poetry: Poems for the Young, Broke and Hangry",£50.89,14,poetry
Out of Print: City Lights Spotlight No. 14,£53.64,8,poetry
Les Fleurs du Mal,£29.04,8,poetry
Howl and Other Poems,£40.45,8,poetry
Leave This Song Behind: Teen Poetry at Its Best,£51.17,7,poetry
The Collected Poems of W.B. Yeats (The Collected Works of W.B. Yeats #1),£15.42,6,poetry
The Crossover,£38.77,5,poetry
Booked,£17.49,5,poetry
Twenty Love Poems and a Song of Despair,£30.95,1,poetry
"Vampire Knight, Vol. 1 (Vampire Knight #1)",£15.40,1,paranormal
Wall and Piece,£44.18,18,art
Feathers: Displays of Brilliant Plumage,£49.05,14,art
Art and Fear: Observations on the Perils (and Rewards) of Artmaking,£48.63,9,art
The New Drawing on the Right Side of the Brain,£43.02,8,art
History of Beauty,£10.29,8,art
The Story of Art,£41.14,7,art
The Art Book,£32.34,7,art
Ways of Seeing,£39.51,1,art
The Lucifer Effect: Understanding How Good People Turn Evil,£10.40,14,psychology
The Golden Condom: And Other Essays on Love Lost and Found,£39.43,12,psychology
It Didn't Start with You: How Inherited Family Trauma Shapes Who We Are and How to End the Cycle,£56.27,11,psychology
An Unquiet Mind: A Memoir of Moods and Madness,£21.30,6,psychology
"Thinking, Fast and Slow",£21.14,3,psychology
Civilization and Its Discontents,£59.95,3,psychology
8 Keys to Mental Health Through Exercise,£31.04,3,psychology
The Argonauts,£10.93,15,autobiography
M Train,£27.18,11,autobiography
Lab Girl,£40.85,11,autobiography
Approval Junkie: Adventures in Caring Too Much,£58.81,5,autobiography
Running with Scissors,£12.91,3,autobiography
Me Talk Pretty One Day,£57.60,3,autobiography
Lust & Wonder,£11.87,3,autobiography
Life Without a Recipe,£59.04,3,autobiography
A Heartbreaking Work of Staggering Genius,£54.29,3,autobiography
Catastrophic Happiness: Finding Joy in Childhood's Messy Years,£37.35,3,parenting
The Long Haul (Diary of a Wimpy Kid #9),£44.07,14,humor
Old School (Diary of a Wimpy Kid #10),£11.83,14,humor
I Know What I'm Doing -- and Other Lies I Tell Myself: Dispatches from a Life Under Construction,£25.98,14,humor
"Hyperbole and a Half: Unfortunate Situations, Flawed Coping Mechanisms, Mayhem, and Other Things That Happened",£14.75,14,humor
Dress Your Family in Corduroy and Denim,£43.68,9,humor
Toddlers Are A**holes: It's Not Your Fault,£25.55,7,humor
When You Are Engulfed in Flames,£30.89,3,humor
Naked,£31.69,3,humor
"Lamb: The Gospel According to Biff, Christ's Childhood Pal",£55.50,3,humor
Holidays on Ice,£51.07,3,humor
Security,£39.25,16,horror
Follow You Home,£21.36,15,horror
The Loney,£23.40,14,horror
Pet Sematary,£10.56,14,horror
Doctor Sleep (The Shining #2),£40.12,14,horror
Psycho: Sanitarium (Psycho #1.5),£36.97,12,horror
Can You Keep a Secret? (Fear Street Relaunch #4),£48.64,12,horror
Red Dragon (Hannibal Lecter #1),£23.37,5,horror
Dracula the Un-Dead,£35.63,5,horror
Night Shift (Night Shift #1-20),£12.75,4,horror
Needful Things,£47.51,4,horror
Misery,£34.79,4,horror
It,£25.01,4,horror
'Salem's Lot,£49.56,4,horror
The Stand,£57.86,3,horror
The Girl with All the Gifts,£49.47,3,horror
House of Leaves,£54.89,3,horror
Sapiens: A Brief History of Humankind,£54.23,20,history
"Unbound: How Eight Technologies Made Us Human, Transformed Society, and Brought Our World to the Brink",£25.52,16,history
The Age of Genius: The Seventeenth Century and the Birth of the Modern Mind,£19.73,16,history
"Political Suicide: Missteps, Peccadilloes, Bad Calls, Backroom Hijinx, Sordid Pasts, Rotten Breaks, and Just Plain Dumb Mistakes in the Annals of American Politics",£36.28,16,history
Thomas Jefferson and the Tripoli Pirates: The Forgotten War That Changed American History,£59.64,15,history
Zealot: The Life and Times of Jesus of Nazareth,£24.70,14,history
A Distant Mirror: The Calamitous 14th Century,£14.58,14,history
1491: New Revelations of the Americas Before Columbus,£21.80,14,history
Brilliant Beacons: A History of the American Lighthouse,£11.45,8,history
"""Most Blessed of the Patriarchs"": Thomas Jefferson and the Empire of the Imagination",£44.48,8,history
A Short History of Nearly Everything,£52.40,7,history
The Rise and Fall of the Third Reich: A History of Nazi Germany,£39.67,6,history
Catherine the Great: Portrait of a Woman,£58.55,6,history
The Mathews Men: Seven Brothers and the War Against Hitler's U-boats,£42.91,5,history
The Hiding Place,£55.91,5,history
America's War for the Greater Middle East: A Military History,£51.22,5,history
The Guns of August,£14.54,3,history
"House of Lost Worlds: Dinosaurs, Dynasties, and the Story of Life on Earth",£43.70,3,history
The Dirty Little Secrets of Getting Your Dream Job,£33.34,19,business
The Third Wave: An Entrepreneur’s Vision of the Future,£12.61,15,business
The 10% Entrepreneur: Live Your Startup Dream Without Quitting Your Day Job,£27.55,15,business
Shoe Dog: A Memoir by the Creator of NIKE,£23.99,15,business
Made to Stick: Why Some Ideas Survive and Others Die,£38.85,14,business
Quench Your Own Thirst: Business Lessons Learned Over a Beer or Two,£43.14,12,business
The Art of Startup Fundraising,£21.00,11,business
Born for This: How to Find the Work You Were Meant to Do,£21.59,11,business
The E-Myth Revisited: Why Most Small Businesses Don't Work and What to Do About It,£36.91,8,business
"Rich Dad, Poor Dad",£51.74,7,business
The Lean Startup: How Today's Entrepreneurs Use Continuous Innovation to Create Radically Successful Businesses,£33.92,3,business
Rework,£44.88,3,business
Louisa: The Extraordinary Life of Mrs. Adams,£16.85,15,biography
"Setting the World on Fire: The Brief, Astonishing Life of St. Catherine of Siena",£21.15,11,biography
The Faith of Christopher Hitchens: The Restless Soul of the World's Most Notorious Atheist,£39.55,7,biography
Benjamin Franklin: An American Life,£48.19,7,biography
The Rise of Theodore Roosevelt (Theodore Roosevelt #1),£42.57,3,biography
In Her Wake,£12.84,19,thriller
The Elephant Tree,£23.82,18,thriller
Behind Closed Doors,£52.22,18,thriller
You (You #1),£43.61,14,thriller
The Guilty (Will Robie #4),£13.82,14,thriller
The 14th Colony (Cotton Malone #11),£39.24,14,thriller
Give It Back,£18.32,6,thriller
Killing Floor (Jack Reacher #1),£31.49,5,thriller
The Bone Hunters (Lexy Vaughan & Steven Macaulay #2),£59.71,4,thriller
Far From True (Promise Falls Trilogy #2),£34.93,4,thriller
The Travelers,£15.77,3,thriller
When We Collided,£31.77,16,contemporary
Someone Like You (The Harrisons #2),£52.79,14,contemporary
We Are All Completely Beside Ourselves,£24.04,3,contemporary
The Four Agreements: A Practical Guide to Personal Freedom,£17.66,18,spirituality
The Activist's Tao Te Ching: Ancient Advice for a Modern Revolution,£32.24,16,spirituality
Chasing Heaven: What Dying Taught Me About Living,£37.80,15,spirituality
If I Gave You God's Phone Number....: Searching for Spirituality in America,£20.91,9,spirituality
Unreasonable Hope: Finding Faith in the God Who Brings Purpose to Your Pain,£46.33,7,spirituality
A New Earth: Awakening to Your Life's Purpose,£55.65,4,spirituality
Logan Kade (Fallen Crest High #5.5),£13.12,5,academic
All the Light We Cannot See,£29.87,14,historical
The Girl You Left Behind (The Girl You Left Behind #1),£15.79,6,historical
(Un)Qualified: How God Uses Broken People to Do Big Things,£54.00,16,christian
Crazy Love: Overwhelmed by a Relentless God,£47.72,14,christian
Blue Like Jazz: Nonreligious Thoughts on Christian Spirituality,£25.77,7,christian
Silence in the Dark (Logan Point #4),£58.33,8,suspense
Suzie Snowflake: One beautiful flake (a self-esteem story),£54.81,9,novels
"The Bulletproof Diet: Lose up to a Pound a Day, Reclaim Energy and Focus, Upgrade Your Life",£49.05,16,health
"Eat Fat, Get Thin",£54.07,14,health
10-Day Green Smoothie Cleanse: Lose Up to 15 Pounds in 10 Days!,£49.71,10,health
The Art and Science of Low Carbohydrate Living,£52.98,9,health
Libertarianism for Beginners,£51.33,19,politics
Why the Right Went Wrong: Conservatism--From Goldwater to the Tea Party and Beyond,£52.65,14,politics
Equal Is Unfair: America's Misguided Fight Against Income Inequality,£56.86,12,politics
Amid the Chaos,£36.58,15,cultural
Dark Notes,£19.19,15,erotica
The Long Shadow of Small Ghosts: Murder and Memory in an American City,£10.97,15,crime
